file_path,file_name,extension,content
/home/yugoff/Downloads/projects/my/laboration/project-lab-sp/data/Инженерная_записка_определение_координат_БПЛА.docx,Инженерная_записка_определение_координат_БПЛА.docx,.docx,"











Инженерная записка
Определение координат БПЛА за счет привязки снимков к подложке


	Цель внедрения системы поиска координат БПЛА:
Разработка системы, способной точно и быстро определять координаты БПЛА в реальном времени с использованием современных алгоритмов машинного обучения и компьютерного зрения.
Задачи, при внедрении системы поиска координат БПЛА:
- Разработка алгоритмов машинного обучения: Исследование и внедрение подходящих моделей для обработки и анализа изображений с БПЛА;
- Обработка изображений и их векторизация: Использование архитектур глубокого обучения, таких как ResNet, для преобразования изображений в векторные представления;
- Создание векторной базы данных: Разработка системы хранения для тайловых подложек местности, позволяющей проводить быстрые сравнения с входными изображениями;
- Фильтрация кандидатов: Реализация грубого фильтра для первичного отбора тайлов, которые потенциально могут соответствовать входному изображению;
- Отбор кандидатов: Реализация точного фильтра для отбора тайлов по совпадению ключевых точек. Поиск ключевых точек с помощью сети SuperPoint и матчинг точек с помощью SuperGlue  с точками на query картинке;
- Сопоставление тайлов: Разработка метода для точного сопоставления, используя такие алгоритмы, как Supernet и SuperGlue, для повышения эффективности поиска.
Описание предлагаемого решения:
Предлагаемое решение включает в себя многоступенчатую систему, которая будет состоять из следующих этапов:
1. Загрузка и обработка тайлов местности: На первом этапе будет подготовлена векторная база данных, содержащая изображения местности в виде тайлов. Каждое изображение будет обработано моделью ResNet, обученной через метрику обучения, для получения векторных представлений;
2. Преобразование входного изображения: Входные изображения, полученные с БПЛА, будут также преобразованы в векторное представление с помощью той же модели ResNet;
3. Грубая фильтрация: Грубый фильтр будет отсекать большую часть тайлов из базы. Для всех изображений из базы и query-картинки формируются векторные представления. Далее выбираются k ближайших изображений к query по векторному представлению. Эти изображения передаются в точный фильтр для более детального анализа;
4. Точная фильтрация: На этом этапе точный фильтр обрабатывает отобранные картинки, отбирая самую похожую по совпадению ключевых точек. На полученных изображениях находятся ключевые точки, которые матчатся с ключевыми точками на query-картинке. Нахождение ключевых точек осуществляется с помощью сети SuperPoint, а матчинг точек выполняется с использованием SuperGlue. Этот этап обеспечивает повышенную точность и надежность сопоставления, позволяя точно определить координаты.
Результат выполнение работ:
- Повышение точности определения координат: Увеличение точности расчетов координат БПЛА на основании полученных изображений;
- Сокращение времени обработки: Ускорение процесса анализа изображений и сопоставления с тайловыми подложками, что позволит получать оперативные данные;
- Гибкость и масштабируемость системы: Возможность адаптации системы для работы с различными типами объектов и условий съемки;
Пример привязки снимка к подложке местности, слева фрагмент снимка, справа фрагмент подложки"
/home/yugoff/Downloads/projects/my/laboration/project-lab-sp/data/Инженерная_записка_повышение_точности_определения_координат_и_автоматизация.docx,Инженерная_записка_повышение_точности_определения_координат_и_автоматизация.docx,.docx,"











Инженерная записка
Повышение точности определения координат объектов за счет привязки снимков к подложке, 
автоматизация системы разметки


	Цель внедрения системы компьютерного зрения в составе НСУ «Форпост»
Отработка элементов ИИ (технического зрения далее ТЗ) при применении КБЛА с Форпост-РУ. 
Задачи, при внедрении системы технического зрения:
Повышение точности определения координат обнаруженных объектов за счет автоматического сопоставления снимков с подложкой;
Поддержка уровня автоматизации деятельности операторов БР за счет автоматического дешифрирования объектов, попадающих в область видимости ОЭС с вомзожность поиска определенных видов объектов по классификатору, получением их точных координат и направлений (поворот корпуса и орудия), автоматизированное формирование развед. донесения по обнаруженным целевым объектам;
Автоматизация системы разметки — получение предварительной разметки кадров за счет ранее обученных нейросетей. Автоматическая проверка размеченных данных — выявление потенциальных ошибок разметчиков. Функционал для комбинирования датасетов (размеченных набров) из нескольких предыдущих проектов;
Отработка элементов ИИ на базе НСУ с последующим переносом ИИ в качестве бортовой системы с возможностью доработки предложенного решения до системы визуальной навигации;

Описание предлагаемого решения
Для решения задач распознования объекта, привязки снимка с объектом к подложке местности (получение точных координат), а так же для работы оператора с перечнем обнаруженных объектов и созданием развед. донесения предполагается использовать отдельный сепециализированный вычислитель jetson (Xavier) с комплексом нейросетей в составе НСУ, подключенный через ethernet.

ОЭС → Нейросети (вычислитель) → Распознанные объекты →АРМ
                              → привязка к подложке, получение точных координат

При подключении, на вычислитель осуществляется маршрутизация видеопотока, после обработки видеопотока нейросетью произодится распознование объектов, по телеметрии борта вычисляются приблизительные координаты объектов. Далее комплекс нейросетей производит автоматическую привязка снимка с объектом к подложке местности (базе ориентиров подгруженных в вычислитель). Поиск соответсвия между снимком и базой ориентиров призводится с учетом приблизительных координат, вычисленных из телеметрии.
Описание предлагаемого вычислителя



Вычислительный модуль представляет собой устройство на базе одноплатного компьютера NVIDIA Jetson AGX Xavier для решения задач компьютерного зрения. Данный вычислитель имеет встроенное аппаратное ускорение для работы нейросетей, а также может быть легко встроен в портативные устройства, например, бортовую систему БЛА или АРМ оператора. Рабочая температура от -25 до 80 С, потребление 10–30 Ватт.




 На следующем этапе при внедрени на борт может быть использоват вычислтель на базе процессора Snapdragon 8, которые имеет лучшие габариты и вычислительные ресурсы (размер устройсва в корпусе 85x70x16 вес 90гр, рабочая температура от -40 до 70C, CPU 8 ядер, графический ускоритель 16GB ОЗУ, 512GB ПЗУ).


Результат выполнение работ
Результатом проведенных работ будет являться встроенный в составе НСУ вычислительный модуль а так же центализованный сервис, обеспечивающий следующий функционал (в дополнении к предыдущему этапу по распознованию объектов):

Централизованный сервис для формирования базы ориентиров из подложки местности с возможностью формирования дистрибутива файлов для вычислителя НСУ (на район полета).
Алгоритм привязки снимка к подложке за счет базы ориентиров, включает в себя 3 нейросети: выделение вектора признаков для поиска схожих участков подложки, выделение ориентиров (ключевых точек), графовое сравнение ориентиров и их взаимного расположения.
Сервис для управления комплексом нейросетей, базой данных по обнаруженным объектам и ориентирам, реализация процедуры обновления данных через дистрибутивы.
Процедура реидентификации объектов, позволяет отслеживать трек объекта, восставливать трек после повторного обнаружения объекта. Реидентификация позволяет избежать дублирования обнаруженных объектов и повысить достоверность за счет объединения наблюдейний за множество кадров.
Процедура обучения нейросетей выделяющих ориентиры на предоставленном множестве снимков. Обучение производится без разметки за счет процедур автоматической аугментации и гомографии.
Процедура обучения нейросетей, выделяющих вектор признаков снимка по которому производится быстрый поиск аналогичных мест в базе.
Автоматическая предразметка снимков (для обучения нейросетей распознования объектов) за счет использования предыдущих версий нейросети. Позволяет многократно ускорить разметку данных, поскольку разметчику останется лишь осуществить корректировку (80% работы сделает нейросеть).
Автоматическая процедура поиска потенциальных ошибок в разметке за счет предыдущих версий нейросети. Позволяет показать сники в которых разметчик скорее всего ошибся (пропустил объект интереса, перепутал класс или разметил неточно). Исправление таких ошибок позволяет существенно повысить точность распознования.


Пример привязки снимка к подложке местности, слева фрагмент снимка, справа фрагмент подложки

Сроки и стоимость работ
Для реализации задачи будут привлечены внештатные специалисты, обеспечивающие разработку, настройку и передачу в собственность АО «Эйрбург» всех наработок по проекту.
	

Состав команды 5 человека:
Ведущий инженер, бекенд Scala
Бекенд разработчик Python
ML разработчик
Фронтенд разработчик + UX дизайнер (Typescript, Figma)
Тестировщик + работа с данными

Срок: За счет параллельного выполнения при полном финансировании (600 000 руб/мес)  проект может быть выполнен за 5 месяцев.
	"
/home/yugoff/Downloads/projects/my/laboration/project-lab-sp/data/Методика (система разметки).docx,Методика (система разметки).docx,.docx,"Система разметки
Цель испытаний
Цель проведения испытаний заключается в проверке соответствия требованиям технического задания (ТЗ) и определении вероятностных характеристик, связанных с распознаванием заданных объектов.
Общие положения
Методика может быть уточнена в ходе испытания.
Уточнения должны быть отражены в протоколе.
Оцениваемые характеристики и расчетные соотношения
Оценивается:
- точность распознавания объектов на видео с использованием нейросети.
Условия, режимы, порядок, место проведения, виды и этапы испытаний 
Место проведения испытаний – АО «ЭЙРБУРГ». 

















Создание датасета и обучение нейросети

Порядок испытаний:
открыть веб-браузер Firefox или Google Chrome на стенде;
вписать в поле адреса http://10.60.8.4/;
проверить на мониторе отображение окна запроса персональной идентификации (Рисунок 1);
на рабочих местах произвести идентификацию пользователя под учетной записью admin, путем ввода уникальных логина ""admin"" и пароля ""admin"" (Рисунок 1);

Рисунок 1 – Авторизация
после успешной идентификации система отобразит систему разметки (Рисунок 2);

Рисунок 2 – Система разметки
проверить наличие общих вкладок (Рисунок 3):
«Управление проектами»;
«Управление задачами»;
«Разметка данных»;
«Датасеты»;
«Обучение нейросетей»;
«Классификатор».

Рисунок 3 – Общие вкладки
нажать кнопку «Добавить проект» в верхнем правом углу (Рисунок 4);

Рисунок 4 – Кнопка «Добавить проект»
в поле «Название проекта» (Рисунок 5) ввести название проекта TEST;
в поле «Классы» (Рисунок 5) выбрать классы: скопление зданий, строение и нажать на кнопку «Добавить в проект»;
нажать на кнопку «Создать проект» (Рисунок 5);

Рисунок 5 – Заполнение полей «Создать новый проект»
нажать кнопку «Добавить задачу», после которой мы попадём на страницу с этой задачей (Рисунок 6);

Рисунок 6 – Страница с созданной задачей
в поле «Название задачи» (Рисунок 7) ввести название задачи TEST;
в поле «Проект» (Рисунок 7) выбрать проект TEST;
в поле «Выборка» (Рисунок 7) указать выборку «Обучающая» (Train);
в поле «Выберите файлы» (Рисунок 7) перетащить файл с фото, которое содержит объекты из выбранных классов, из папки ~/Downloads под названием building.mp4 для последующей разметки;
нажать кнопку «Создать задачу» (Рисунок 7);

Рисунок 7 – Заполнение полей «Добавить задачу»
на странице задачи нажать кнопку «Разметка #», которое было загружено, для дальнейшей разметки (Рисунок 8);
Рисунок 8 – Заполнение полей «Добавить задачу»
для разметки кадров из выбранных классов (Рисунок 9) необходимо наведением выбрать соответствующий раздел «Добавить прямоугольник» в инструментах разметки в левой панели инструментов. Затем выбрать класс «Жилой дом» и нажать «Режим треков». Далее, выделить жилые дома прямоугольниками на кадре для их разметки;
Рисунок 9 – Кадр с размеченным объектом «Скопление зданий»
после разметки кадра нажать кнопку «Сохранить», навести на меню и нажать «Завершить» разметку;
зайти на страницу «Управление проектами», найти на странице проект «TEST» и нажать на него, чтобы получить доступ к его содержимому. На открывшейся странице проекта найти и нажать на кнопку «Создать датасет» в верхнем правом углу (Рисунок 10);

Рисунок 10 – Кнопка «Создать датасет»
в поле «Формат» (Рисунок 11) выбрать формат датасета YOLO 1.1;
в поле «Название» датасета (Рисунок 11) указать название датасета TEST;
в поле «Выборка» (Рисунок 11) перенести первый ползунок из режима «Экспортирована из проекта» в режим «Указание значений выборки»
в поле Выборка (Рисунок 11) настроить выборку, переместив ползунки в соотношении: обучающая — 3,132, контрольная - 206, тестовая — 202; 
нажать на кнопку «Создать» для создания датасета;
Рисунок 11 – Окно для создания датасета
перейти во вкладку «Обучение нейросетей» из бокового меню;
нажать на кнопку «Обучить нейросеть» в верхнем правом углу (Рисунок 12);

Рисунок 12 – Кнопка «Обучить нейросеть»
в поле «Название» (Рисунок 13) ввести название нейросети TEST;
в поле «Датасет» (Рисунок 13) выбрать датасет TEST;
в поле «Размер изображении» (Рисунок 13) ввести размер изображений 640х640;
в поле «Размер модели» (Рисунок 13) выбрать размер модели маленький (small);
в поле «Используемый сенсор» (Рисунок 13) выбрать используемый сенсор Камера и Цветовую модель RGB;
в поле «Количество эпох для обучения» (Рисунок 13) ввести количество эпох - 100;
нажать на кнопку «Начать обучения»;



Рисунок 13 – Окно для запуска обучения нейросети

Подготовка тестовой выборки

	В данной главе вручную отслежены все объекты интереса на видео, на котором нейросеть не обучалась, обнаруженные объекты заполнены в виде соответствующих таблиц.


Оценка точности и характеристики распознавания

	При распознавании объектов и оценки точно модели будет использоваться готовая модель Forpost DS, обученная на датасете из 5560 тысяч изображений. 
запустить дамп с помощью следующей команды sudo udpreplay -i eth0 -b test2_192.168.167.255.pcap (Рисунок 14), чтобы воспроизвести их на сетевом интерфейсе ""eth0"" с правами администратора (пароль - nvidia);
Рисунок 14– Команда для запуска дампа
открыть систему «распознавание объектов с помощью нейросети» (Рисунок 15) в веб-браузере Firefox или Google Chrome по адресу ""http://localhost"" и нажать кнопку воспроизведения в левом верхнем углу;
Рисунок 15 – Окно с системой распознавания объектов с помощью нейросети
во время воспроизведения убедиться, что отображается список распознанных объектов (Рисунок 16 и 17), их достоверность, тип объекта, а также координаты этих объектов на карте Google Maps.
Рисунок 16 – Скриншот с распознанными объектами
 Рисунок 17 – Скриншот с информацией о распознанных объектах
Обработка, анализ и оценка результатов испытаний

В результате тестирования были получены следующие результаты:

	Обработка, анализ и оценка результатов испытаний подтверждают, что нейронная сеть успешно прошла проверку и демонстрирует надежные результаты обнаружения объектов на видео. Это дает основание для доверия в работу данной нейросети и использование ее результатов для принятия решений и выполнения действий на основе обработанных данных.










ОСТАЛЬНЫЕ КАРТИНКИ:






"
/home/yugoff/Downloads/projects/my/laboration/project-lab-sp/data/Система разметки (инф. для през.).docx,Система разметки (инф. для през.).docx,.docx,"Система разметки CVAT (Computer Vision Annotation Tool)

Что такое CVAT?
CVAT (Computer Vision Annotation Tool) — это мощное веб-приложение для разметки данных и обучения нейросетей, которое позволяет пользователям легко и эффективно аннотировать изображения и видео для задач компьютерного зрения, таких как обнаружение объектов, сегментация, классификация и другие. CVAT предоставляет интуитивно понятный интерфейс с расширенными инструментами аннотации для упрощения процесса разметки, а также обучений нейросетей.

Основные возможности CVAT.
1. Разметка различных типов данных:
 - CVAT поддерживает аннотацию изображений и видео с использованием различных методов, включая прямоугольные рамки, маски (сегментация), прямые линии и точки.
2. Классификация объектов:
   - Пользователи могут создавать настраиваемые классы аннотаций в зависимости от конкретных потребностей проекта. Поддерживаются иерархические классы, что позволяет более точно классифицировать объекты.
3. Поддержка командной работы:
   - CVAT предоставляет функциональность для совместной работы. Несколько аннотаторов могут работать одновременно над проектом, что ускоряет процесс разметки.
4. Интеграция с ML/AI (в процессе):
   - Возможность интеграции с обученными моделями машинного обучения для ускорения аннотации, включая автоматические предложения. Можно использовать предварительно обученные модели для предзаполнения аннотаций.

5. Импорт/экспорт данных:
   - Можно загружать и сохранять размеченные данные в различных форматах.
Преимущества CVAT перед решениями от КТ (но, если честно, это догадки, я не видел интерфейс КТ).
1. Гибкость:
   - CVAT предлагает более широкий набор инструментов и возможностей по сравнению с другими системами разметки. Например, можно настраивать интерфейс и добавлять собственные виды аннотаций. А также встроенный сервис для обучения нейросетей на основе датасета.
2. Поддержка сообществом:
   - CVAT имеет активное сообщество разработчиков и пользователей, что позволяет быстро находить решения для возникающих вопросов.

Техническое описание.
Архитектура CVAT (Computer Vision Annotation Tool)
CVAT имеет модульную архитектуру, обеспечивающую эффективное разметку данных и взаимодействие с нейросетевыми моделями. Основные компоненты архитектуры представлены ниже:
1. Клиентская часть (Интерфейс)
- Веб-интерфейс:
  - Реализован на React.
  - Обеспечивает интуитивно понятный интерфейс для пользователей для загрузки данных, аннотации и управления проектами.
  - Взаимодействует с серверной частью через REST API для выполнения операций, связанных с аннотацией и управлением данными.
2. Серверная часть

- REST API:
  - Управляет основными функциями системы, включая обработку запросов от CLI (Command Line Interface), клиентского интерфейса и других систем.
  - Обрабатывает запросы к базе данных, управление пользователями, проектами и аннотированными данными.
3. Аналитические компоненты
- Vector (Event Processing):
  - Централизованная точка обработки событий из бэкенда, фронтенда и веб-интерфейса.
  - Все события направляются в Vector, где они обрабатываются и перенаправляются в ClickHouse.
- ClickHouse (Event Database):
  - Хранит и управляет событиями, обработанными Vector.
  - Позволяет проводить аналитическую обработку данных и вспомогательные отчёты.
- Grafana (Dashboards):
  - Используется для визуализации данных, хранящихся в ClickHouse.
  - Интерактивные дашборды для представления аналитики работы системы.
4. Хранение данных
- NFS (Network File System):
  - Требуется для многонодового развертывания, поддерживает доступ RWX (Read-Write-Once).
  - Использует различные облачные хранилища:
    - AWS: Amazon Elastic File System (EFS)
    - Azure: Azure Files с NFS
    - GCP: Filestore NFS
  - Хранит данные, необходимые для операций CVAT.
- Data cache (Apache Kvrocks):
  - Используется для кэширования данных (запросов и поиска).
  - Позволяет ускорить обработку частых запросов к базе данных.
5. Управление задачами
- Redis (Job Queue):
  - Менеджер очередей, который обрабатывает фоновые задачи, связанные с аннотацией данных.
  - Обеспечивает управление задачами и позволяет оптимизировать распределение нагрузки.
6. Интеграция с нейросетями
- gRPC Service:
  - Используется для взаимодействия компонентов, связанных с нейросетями, таких как обучение и предсказание моделей (например, YOLO).
  - Позволяет эффективно передавать аннотированные данные между CVAT и системой обучения модели, обеспечивая высокую производительность и быстрое время отклика.
  - Серверные компоненты могут отправлять аннотации на обучение нейросетям и получать обратно предсказания.
2. Структурная схема





Основные моменты разметки данных
1. Создание классов аннотаций:
   - Пользователь может создавать настраиваемые классы для аннотаций и связывать их с типами объектов.
2. Проект и датасет:
   - Разделение по проектам позволяет упорядочивать и организовывать различные проекты, каждый из которых может содержать свой собственный датасет.
3. Экспорт аннотаций для тренировки:
   - Размеченные данные могут быть экспортированы в форматы, совместимые с основными инструментами машинного обучения.

Обучение на нейросети YOLOv8 
1. Подготовка датасета:
- После разметки данных, пользователи могут экспортировать аннотированные данные в формате, совместимом с моделью YOLOv8.
2. Обучение модели:
   - Загруженные данные могут использоваться для обучения модели YOLOv8. Необходимо пройти через этап подготовки данных, настройки модели и параметров обучения.
3. Подгрузка датасетов:
   - CVAT поддерживает подгрузку существующих датасетов для дообучения, что упрощает процесс расширения и адаптации моделей под новые данные.
4. Дообучение нейросетки:
   - Добавление новых аннотированных данных в существующий датасет позволяет улучшить производительность модели через дообучение."
/home/yugoff/Downloads/projects/my/laboration/project-lab-sp/data/Методика (система поиска координат).docx,Методика (система поиска координат).docx,.docx,"Система поиска координат (visual location)
Цель испытаний
Испытания проводят с целью проверки требований ТЗ.
Общие положения
Методика может быть уточнена в ходе испытания.
Уточнения должны быть отражены в протоколе.
Оцениваемые характеристики и расчетные соотношения
Оценивается:
- точность поиска координат по изображению с использованием нейросети.
Условия, режимы, порядок, место проведения, виды и этапы испытаний 
Место проведения испытаний – АО «ЭЙРБУРГ». 
















































"
/home/yugoff/Downloads/projects/my/laboration/project-lab-sp/data/Методика (система обнаружения объектов).docx,Методика (система обнаружения объектов).docx,.docx,"Система обнаружения объектов
Цель испытаний
Испытания проводят с целью проверки требований ТЗ.
Общие положения
Методика может быть уточнена в ходе испытания.
Уточнения должны быть отражены в протоколе.
Оцениваемые характеристики и расчетные соотношения
Оценивается:
- точность обнаружения объектов в видеопотоке с использованием нейросети.
Условия, режимы, порядок, место проведения, виды и этапы испытаний 
Место проведения испытаний – АО «ЭЙРБУРГ». 































"
/home/yugoff/Downloads/projects/my/laboration/project-lab-sp/data/Сравнение моделей сопоставления точек.docx,Сравнение моделей сопоставления точек.docx,.docx,"Сравнение моделей сопоставления ключевых точек:
1. SuperGlue_indoor
2. SuperGlue_outdoor
3. LightGlue
Исходная информация:
Точка центра, от какой мы отталкиваемся для анализа тайлов
Latitude center
49.99
Longitude center
36.45
superpoint + superglue работают, если кадров 200, но тут загвоздка в resnet34, в которую не попадают нужные кадры, либо мы берём все кадры и обрабатываем, тогда superpoint + superglue не вывозят

Анализ произведён на предварительно обработанном кадре с Форпоста (Харьков)
1. SuperGlue_indoor
1.1. Радиус: 10км

1.2. Радиус: 5км

1.3. Радиус: 1.5км

2. SuperGlue_outdoor

2.1. Радиус: 10км

2.2. Радиус: 5км

2.3. Радиус: 1.5км

3. LightGlue

3.1. Радиус: 10км

3.2. Радиус: 5км

3.3. Радиус: 1.5км
"
